PNAME,PAGE
송진희,57
서소연,3
최소연,97
오나리,28
권정우,40
류지현,41
한진우,49
안지현,62
황진우,67
김정우,43
정정우,84
오지원,42
한지원,99
장소민,62
정하나,52
송유나,27
오예지,58
안지호,35
안예지,61
황민지,24
임하나,73
김정우,93
안나리,72
강예지,96
한영재,76
송재호,66
조하늘,8
장세영,52
류혜진,36
장동민,66
강미래,12
조지현,28
한진우,91
강지호,91
송윤지,69
류지원,60
권민호,4
정하나,35
안태민,62
박태민,74
최윤지,96
이지원,73
임미래,72
장성재,93
류태민,32
권민서,34
서민호,78
강진희,37
황민서,85
류영재,7
강예지,75
이민서,21
윤동하,10
송나리,32
전윤아,92
윤서현,18
권혜진,3
류은지,84
서태민,100
송소민,37
조승민,19
최혜진,74
서민서,14
장서진,83
강세영,31
정윤아,4
정예린,40
안소민,3
이기현,15
안유나,27
권영미,22
오동민,58
권유나,60
김진호,36
임소민,21
윤수빈,84
박승민,42
송진호,4
정석진,41
황석진,58
권기현,16
전민호,65
한지원,17
안진희,53
조윤지,70
박동하,88
조하늘,24
신동민,85
권상민,1
류혜진,56
오상훈,100
황동하,9
박동하,45
권진호,44
신지원,39
신시윤,86
장지현,30
최지윤,93
박진호,22
김재희,23
